keyword,label
seo optimization,1
buy cheap shoes,1
python tutorial,1
best django hosting,1
web development guide,1
marketing strategy 2024,1
keyword research tool,1
asdfghjkl,0
random words here,0
xyzzy nonsense term,0
click here now,0
aaa bbb ccc,0
free stuff online,1
learn seo free,1
technical seo audit,1
page speed optimization,1
backlink building service,1
content marketing tips,1
junk keyword example,0
test abc 123,0
on page seo,1
off page seo,1
local seo near me,1
ecommerce seo tips,1
mobile seo optimization,1